Keanu Reeves;1964-09-02;279961718190;Beirute, Líbano;346357289806918;keanu@gmail.com
Carrie-Anne Moss;1967-09-21;279961718191;Burnaby, Canadá;4893634093406940;carrie@gmail.com
Laurence Fishburne;1961-07-07;279996171892;Augusta, Geórgia, EUA;3597720921455910;laurence@gmai.com
Hugo Weaving;1960-10-07;279996171892;Uch Ibadan organogram, Ibadan, Nigéria;3582512100674780;huguw@gmai.com
Lana Wachowski;1965-05-21;279996171892;Chicago, Illinois, EUA;348177070425530;lana@gmail.com
Lilly Wachowski;1967-12-29;279996171899;Chicago, Illinois, EUA;213189155075199;lilly@gmail.com
James McTeigue;1967-12-29;279996171100;North Shore, Austrália;372278456748401;james@gmail.com
Test User Wrong Date;29/12/19677;279996172100;Any place in the word;4512095060177270;test.wrongdate@gmail.com
Joe Johnston;1964-09-11;279996172400;Austin, Texas, EUA;3511830827612920;joe@gmail.com
Test User Wrong Email;1967-12-29;279996171899;Chicago, Illinois, EUA;676319873656;user_wrong.com
Dominic Monaghan;1950-10-07;279996171123;Berlim Ocidental;502040183183;dominic@gmail.com
Test User Wrong Name %& ;1965-05-21;279996171100;Uch Ibadan organogram, Ibadan, Nigéria;4478895006612160;user_wrongname@gmail.com
Tom Tykwer;1965-02-13;279993471100;Wuppertal, Alemanha;4281321756514;tom@gmail.com
Ian McKellen;1950-10-07;279996172466;Burnley, Reino Unido;4279397134559870000;ian@gmail.com